{"cameraMode":{"drawMode":0,"name":"Shaded","section":"Shading Mode"},"sceneLighting":false,"audioPlay":false,"sceneViewState":{"showFog":true,"showMaterialUpdate":false,"showSkybox":false,"showFlares":true,"showImageEffects":true,"showParticleSystems":true},"in2DMode":false,"pivot":{"x":4.4658966064453129,"y":-3.670921802520752,"z":-2.6768252849578859},"rotation":{"x":0.01562841422855854,"y":0.9508556723594666,"z":-0.30573582649230959,"w":0.04821589216589928},"size":7.597614765167236,"orthographic":false}