{"cameraMode":{"drawMode":0,"name":"Shaded","section":"Shading Mode"},"sceneLighting":true,"audioPlay":false,"sceneViewState":{"showFog":true,"showMaterialUpdate":false,"showSkybox":false,"showFlares":true,"showImageEffects":true,"showParticleSystems":true},"in2DMode":false,"pivot":{"x":1.3985464572906495,"y":7.733944892883301,"z":110.12104034423828},"rotation":{"x":-0.1128624677658081,"y":-0.0017863484099507332,"z":-0.0002189942606491968,"w":0.9936271905899048},"size":5.415075302124023,"orthographic":false}