{"cameraMode":{"drawMode":0,"name":"Shaded","section":"Shading Mode"},"sceneLighting":false,"audioPlay":false,"sceneViewState":{"showFog":true,"showMaterialUpdate":false,"showSkybox":false,"showFlares":true,"showImageEffects":true,"showParticleSystems":true},"in2DMode":false,"pivot":{"x":-0.0007849931716918945,"y":1.4052751064300538,"z":-0.13500642776489259},"rotation":{"x":0.19702672958374024,"y":0.5419966578483582,"z":-0.13246728479862214,"w":0.8061757683753967},"size":2.1636226177215578,"orthographic":false}