{"cameraMode":{"drawMode":0,"name":"Shaded","section":"Shading Mode"},"sceneLighting":false,"audioPlay":false,"sceneViewState":{"showFog":true,"showMaterialUpdate":false,"showSkybox":false,"showFlares":true,"showImageEffects":true,"showParticleSystems":true},"in2DMode":false,"pivot":{"x":3.0763466358184816,"y":3.1470272541046144,"z":-0.6130395531654358},"rotation":{"x":-0.27812159061431887,"y":0.5370824933052063,"z":-0.193466454744339,"w":-0.7726148962974548},"size":2.885866641998291,"orthographic":false}