{"cameraMode":{"drawMode":0,"name":"Shaded","section":"Shading Mode"},"sceneLighting":true,"audioPlay":false,"sceneViewState":{"showFog":true,"showMaterialUpdate":false,"showSkybox":false,"showFlares":true,"showImageEffects":true,"showParticleSystems":true},"in2DMode":false,"pivot":{"x":9.552725791931153,"y":17.48550033569336,"z":128.38580322265626},"rotation":{"x":0.012823394499719143,"y":-0.9680827260017395,"z":0.05057523772120476,"w":0.245229572057724},"size":9.894070625305176,"orthographic":false}